ID_Uzorka;Dubina_Busenja_cm;Temp_Tla_C;pH_Vrijednost;H2O_Postotak;Metan_Senzor;Organske_Molekule
1;8.1;-26.7;6.85;6.59;Pozitivno;Da
2;8.4;-8.6;7.07;5.19;Pozitivno;Da
3;10.3;-23.4;6.69;5.33;Pozitivno;Da
4;7.9;-17.4;6.87;5.45;Pozitivno;Da
5;11.8;-20.4;6.99;3.91;Pozitivno;Da
6;8.4;-30.3;6.69;4.42;Pozitivno;Ne
7;10.3;-23.8;7.06;5.19;Pozitivno;Da
8;8.7;-17.1;7.13;4.94;Pozitivno;Da
11;11.3;-23.3;6.96;5.66;Pozitivno;Da
12;9.2;-17.3;6.79;4.64;Pozitivno;Da
13;11.3;-17.5;6.6;4.39;Pozitivno;Ne
14;8.4;-13.2;6.96;5.31;Pozitivno;Ne
15;6.2;-11.9;6.99;5.0;Pozitivno;Da
16;5.3;-19.3;7.07;5.28;Pozitivno;Da
17;8.3;-21.8;7.18;4.62;Pozitivno;Da
18;13.7;-21.7;6.65;5.21;Pozitivno;Da
19;10.3;-17.7;6.85;5.82;Pozitivno;Ne
20;9.7;-16.6;6.93;4.56;Pozitivno;Ne
22;9.0;-20.9;7.21;4.94;Pozitivno;Da
23;9.5;-22.4;6.71;6.24;Pozitivno;Da
24;10.1;-19.5;7.08;3.86;Pozitivno;Da
25;6.5;-18.9;7.25;4.62;Pozitivno;Da
26;8.3;-29.2;6.94;5.28;Pozitivno;Da
27;9.0;-21.6;6.88;4.75;Pozitivno;Da
28;10.1;-16.7;6.86;5.04;Pozitivno;Ne
29;12.1;-19.2;7.26;5.03;Pozitivno;Ne
30;12.6;-19.7;7.07;5.42;Pozitivno;Ne
33;9.7;-13.6;7.1;4.46;Pozitivno;Da
34;9.6;-18.0;6.93;5.44;Pozitivno;Da
35;8.1;-25.9;7.08;5.92;Pozitivno;Ne
36;8.6;-24.9;6.9;4.54;Pozitivno;Da
37;11.0;-15.0;6.96;3.85;Pozitivno;Ne
39;6.2;-14.0;6.91;4.79;Pozitivno;Da
41;9.7;-20.8;6.81;5.9;Pozitivno;Da
42;13.0;-19.3;7.59;5.0;Pozitivno;Ne
43;10.4;-16.1;7.08;4.6;Pozitivno;Da
44;11.8;-11.2;7.09;4.81;Pozitivno;Da
45;9.7;-20.7;7.29;4.74;Pozitivno;Da
46;7.9;-15.5;6.79;5.13;Pozitivno;Da
47;10.4;-18.2;7.05;5.6;Pozitivno;Da
48;14.1;-17.9;6.78;5.43;Pozitivno;Da
49;12.8;-13.7;6.75;5.91;Pozitivno;Da
50;12.1;-17.3;6.76;5.38;Pozitivno;Ne
51;9.1;-25.8;7.07;5.79;Pozitivno;Da
53;8.0;-28.1;7.04;4.01;Pozitivno;Da
55;11.4;-23.8;6.72;5.62;Pozitivno;Da
56;7.9;-19.1;7.3;4.6;Pozitivno;Da
57;8.9;-16.8;6.62;5.36;Pozitivno;Da
58;12.6;-14.8;6.77;4.75;Pozitivno;Da
60;11.7;-20.7;7.32;5.2;Pozitivno;Da
61;9.9;-31.2;7.17;4.82;Pozitivno;Da
62;10.3;-17.1;6.7;5.94;Pozitivno;Da
63;10.1;-20.2;6.95;4.96;Pozitivno;Da
66;8.7;-12.5;6.98;3.93;Pozitivno;Da
68;12.6;-20.1;6.71;5.82;Pozitivno;Da
69;7.9;-19.3;6.97;5.26;Pozitivno;Ne
70;8.6;-26.5;7.02;4.68;Pozitivno;Da
71;12.3;-23.6;7.0;5.5;Pozitivno;Ne
72;9.8;-20.4;6.98;4.82;Pozitivno;Ne
73;11.3;-15.4;6.93;4.61;Pozitivno;Da
74;9.6;-14.5;6.96;6.6;Pozitivno;Da
75;10.2;-26.7;6.89;4.69;Pozitivno;Da
77;8.7;-21.7;6.96;5.23;Pozitivno;Da
78;6.9;-19.3;6.94;5.27;Pozitivno;Da
79;8.9;-20.6;7.05;5.25;Pozitivno;Da
80;7.1;-16.5;7.19;4.94;Pozitivno;Da
81;12.1;-24.7;6.81;4.91;Pozitivno;Ne
82;13.1;-25.0;6.86;4.71;Pozitivno;Da
83;10.1;-25.4;7.34;4.76;Pozitivno;Da
84;11.6;-20.7;6.99;4.5;Pozitivno;Da
85;9.5;-25.2;7.11;5.45;Pozitivno;Da
86;10.6;-28.1;6.88;5.73;Pozitivno;Da
88;10.5;-21.1;6.94;5.31;Pozitivno;Da
89;13.1;-21.6;7.18;5.21;Pozitivno;Da
90;12.9;-28.7;6.98;4.32;Pozitivno;Ne
91;11.2;-14.8;7.13;5.24;Pozitivno;Da
92;8.1;-13.9;6.83;4.64;Pozitivno;Ne
93;9.6;-24.6;6.85;5.57;Pozitivno;Ne
94;13.2;-9.8;6.97;4.56;Pozitivno;Da
95;10.0;-15.7;7.08;4.85;Pozitivno;Da
96;7.8;-21.9;6.89;5.14;Pozitivno;Da
97;10.5;-18.4;6.92;4.66;Pozitivno;Da
98;5.8;-23.1;6.56;4.29;Pozitivno;Da
99;9.2;-23.2;7.05;5.36;Pozitivno;Ne
100;12.2;-19.4;6.68;4.44;Pozitivno;Da
101;15.4;-26.5;6.91;5.23;Pozitivno;Ne
102;12.5;-11.5;7.3;5.3;Pozitivno;Da
103;8.5;-29.0;6.87;3.88;Pozitivno;Da
104;9.4;-22.9;7.11;4.95;Pozitivno;Da
106;8.6;-16.1;7.05;5.63;Pozitivno;Ne
107;9.2;-14.3;6.82;5.19;Pozitivno;Da
108;8.0;-22.3;6.95;4.88;Pozitivno;Ne
109;8.9;-25.5;7.09;4.1;Pozitivno;Da
110;8.3;-17.5;6.97;4.74;Pozitivno;Da
111;13.1;-19.5;7.13;5.33;Pozitivno;Da
112;6.7;-21.5;7.56;5.52;Pozitivno;Da
113;9.6;-15.5;7.36;4.72;Pozitivno;Ne
114;9.0;-19.9;7.2;5.41;Pozitivno;Da
115;11.5;-24.2;7.16;4.8;Pozitivno;Da
116;10.9;-13.8;6.99;4.78;Pozitivno;Ne
117;11.9;-20.1;6.97;4.52;Pozitivno;Da
118;12.0;-19.3;6.83;4.93;Pozitivno;Da
119;11.9;-24.0;6.82;4.45;Pozitivno;Da
120;13.1;-24.6;7.05;5.35;Pozitivno;Da
121;6.7;-15.2;7.03;5.0;Pozitivno;Da
122;10.4;-21.7;7.23;5.04;Pozitivno;Ne
123;8.0;-24.9;7.05;5.12;Pozitivno;Ne
124;9.4;-23.5;6.62;5.21;Pozitivno;Ne
126;11.9;-19.8;7.18;5.51;Pozitivno;Da
127;7.3;-23.9;7.06;4.81;Pozitivno;Da
128;11.4;-31.2;7.04;5.7;Pozitivno;Ne
129;12.8;-26.0;7.34;5.29;Pozitivno;Da
130;9.4;-23.1;6.68;5.26;Pozitivno;Da
131;10.2;-22.0;6.91;5.9;Pozitivno;Da
132;10.1;-16.3;7.04;4.31;Pozitivno;Da
133;9.7;-18.4;7.06;5.0;Pozitivno;Da
134;13.0;-19.2;7.15;4.43;Pozitivno;Ne
135;12.4;-16.9;6.82;5.71;Pozitivno;Da
136;9.5;-20.8;7.07;3.73;Pozitivno;Da
137;8.0;-13.1;7.33;4.49;Pozitivno;Ne
138;15.0;-28.8;7.18;4.46;Pozitivno;Da
139;9.7;-13.8;6.69;5.61;Pozitivno;Da
140;7.9;-19.0;7.08;4.54;Pozitivno;Da
141;8.0;-19.2;6.92;4.34;Pozitivno;Ne
142;12.6;-25.2;6.99;5.8;Pozitivno;Ne
143;8.9;-23.3;7.1;4.89;Pozitivno;Da
144;7.5;-18.8;6.99;6.25;Pozitivno;Ne
145;9.2;-11.5;6.92;3.77;Pozitivno;Da
146;7.0;-25.2;6.68;5.07;Pozitivno;Da
147;8.4;-20.4;6.92;4.74;Pozitivno;Ne
148;9.8;-22.5;6.77;5.25;Pozitivno;Da
149;8.8;-13.8;7.11;5.22;Pozitivno;Ne
151;8.9;-26.3;6.9;4.98;Pozitivno;Ne
152;10.4;-19.4;6.93;5.42;Pozitivno;Da
153;8.6;-24.3;6.75;4.83;Pozitivno;Da
154;9.8;-14.7;6.88;4.64;Pozitivno;Da
155;10.5;-21.1;7.0;4.65;Pozitivno;Da
156;9.5;-9.6;7.15;4.82;Pozitivno;Da
157;11.5;-19.3;7.07;5.31;Pozitivno;Da
158;12.6;-21.5;6.9;5.06;Pozitivno;Da
159;7.1;-18.3;6.8;4.89;Pozitivno;Da
160;5.7;-27.2;7.25;5.51;Pozitivno;Da
161;7.6;-26.8;6.65;3.62;Pozitivno;Ne
162;10.1;-24.1;6.72;5.66;Pozitivno;Da
163;14.2;-28.0;6.95;4.8;Pozitivno;Da
164;10.8;-19.8;6.85;4.79;Pozitivno;Ne
165;9.2;-12.9;6.82;5.45;Pozitivno;Da
166;8.7;-19.0;6.77;6.08;Pozitivno;Da
167;13.1;-24.0;6.93;5.06;Pozitivno;Ne
168;9.0;-25.8;6.97;4.92;Pozitivno;Da
169;8.5;-25.8;7.14;5.34;Pozitivno;Da
170;9.3;-16.7;6.81;4.81;Pozitivno;Da
172;10.4;-20.6;6.9;4.75;Pozitivno;Da
173;4.7;-23.4;6.85;4.81;Pozitivno;Ne
174;8.0;-19.2;7.12;5.23;Pozitivno;Da
175;12.0;-24.1;6.87;4.32;Pozitivno;Ne
176;10.0;-24.0;7.23;4.96;Pozitivno;Ne
177;4.2;-18.7;7.35;4.84;Pozitivno;Da
178;10.5;-21.4;7.2;5.51;Pozitivno;Da
179;9.9;-16.9;6.82;5.51;Pozitivno;Da
180;8.1;-20.8;6.73;6.02;Pozitivno;Da
181;10.5;-24.4;6.67;4.38;Pozitivno;Ne
182;9.2;-17.6;6.81;4.71;Pozitivno;Da
183;10.2;-28.9;7.11;4.56;Pozitivno;Da
184;12.8;-15.7;6.83;4.13;Pozitivno;Da
185;10.6;-10.1;6.64;4.85;Pozitivno;Ne
186;4.2;-15.1;7.1;5.99;Pozitivno;Da
187;8.4;-23.8;6.82;4.22;Pozitivno;Da
188;12.1;-23.6;6.89;4.62;Pozitivno;Da
189;13.4;-20.3;6.44;5.55;Pozitivno;Da
190;10.3;-28.3;7.18;5.01;Pozitivno;Da
191;8.8;-22.5;7.1;5.96;Pozitivno;Da
192;9.0;-23.9;6.94;4.45;Pozitivno;Da
193;10.8;-12.0;7.31;5.06;Pozitivno;Ne
195;8.2;-21.5;7.1;4.95;Pozitivno;Da
196;10.5;-21.1;7.16;5.42;Pozitivno;Da
197;12.1;-18.2;7.11;5.16;Pozitivno;Da
198;10.6;-8.3;6.65;5.09;Pozitivno;Ne
199;10.5;-20.6;7.09;5.41;Pozitivno;Da
200;8.1;-19.5;7.03;4.85;Pozitivno;Da
201;6.1;-11.9;6.51;4.76;Pozitivno;Ne
202;12.1;-11.6;6.78;4.67;Pozitivno;Da
203;10.9;-26.4;7.24;5.27;Pozitivno;Da
204;11.6;-26.4;7.02;5.0;Pozitivno;Ne
206;7.6;-22.2;6.95;4.34;Pozitivno;Da
207;11.2;-18.9;7.12;5.23;Pozitivno;Da
208;11.8;-18.9;6.95;4.31;Pozitivno;Da
209;10.7;-30.6;7.21;5.87;Pozitivno;Da
210;10.7;-20.6;6.69;5.24;Pozitivno;Da
211;7.2;-12.2;6.87;4.98;Pozitivno;Da
212;11.0;-14.3;7.3;6.11;Pozitivno;Da
213;13.8;-13.0;7.25;4.81;Pozitivno;Da
214;9.5;-13.9;7.31;5.29;Pozitivno;Ne
215;9.1;-11.3;6.95;4.82;Pozitivno;Da
216;11.5;-23.5;6.76;4.86;Pozitivno;Ne
217;8.8;-20.1;7.01;4.88;Pozitivno;Da
218;7.6;-17.9;6.88;5.47;Pozitivno;Ne
219;11.1;-22.0;6.88;5.43;Pozitivno;Da
220;6.9;-26.8;6.89;5.5;Pozitivno;Da
221;10.8;-28.9;7.3;5.31;Pozitivno;Da
222;12.7;-11.0;6.92;4.29;Pozitivno;Da
223;10.6;-23.1;7.08;4.39;Pozitivno;Da
224;8.4;-20.6;6.89;4.83;Pozitivno;Da
225;10.8;-26.1;7.08;4.29;Pozitivno;Da
226;7.7;-13.9;7.28;5.66;Pozitivno;Da
227;9.5;-13.9;6.59;4.81;Pozitivno;Da
228;9.9;-15.9;7.17;5.86;Pozitivno;Da
229;9.2;-19.4;7.02;5.14;Pozitivno;Da
230;8.6;-12.1;7.03;4.79;Pozitivno;Da
231;11.5;-21.2;7.42;4.55;Pozitivno;Da
232;9.5;-15.0;7.01;5.18;Pozitivno;Ne
233;9.4;-18.8;6.97;4.97;Pozitivno;Da
234;11.2;-17.4;7.54;6.11;Pozitivno;Da
235;9.5;-27.7;6.98;4.72;Pozitivno;Da
236;6.6;-21.7;7.08;4.49;Pozitivno;Da
238;9.3;-18.2;7.12;4.88;Pozitivno;Ne
239;4.2;-11.9;7.19;4.65;Pozitivno;Ne
241;9.2;-21.5;6.95;5.27;Pozitivno;Da
242;8.7;-12.2;7.12;5.8;Pozitivno;Da
243;10.1;-15.1;6.98;4.58;Pozitivno;Da
244;9.6;-15.2;6.94;4.67;Pozitivno;Ne
245;11.2;-14.3;6.96;6.38;Pozitivno;Da
246;5.5;-17.6;7.11;4.31;Pozitivno;Ne
249;10.7;-19.3;7.02;4.62;Pozitivno;Da
250;10.4;-19.0;6.91;4.95;Pozitivno;Da
252;13.6;-16.6;6.86;4.02;Pozitivno;Da
253;11.2;-18.7;7.1;4.14;Pozitivno;Da
254;9.0;-15.7;6.97;3.42;Pozitivno;Da
256;11.5;-21.1;6.89;4.31;Pozitivno;Da
257;7.6;-29.6;6.9;4.45;Pozitivno;Da
258;12.1;-28.1;7.21;3.89;Pozitivno;Da
259;11.8;-18.1;6.91;4.03;Pozitivno;Ne
260;8.0;-23.5;7.08;3.63;Pozitivno;Da
261;11.7;-22.0;6.81;3.97;Pozitivno;Da
262;10.8;-24.5;6.82;3.72;Pozitivno;Da
263;15.2;-19.1;7.03;3.8;Pozitivno;Da
264;15.8;-19.2;6.95;4.26;Pozitivno;Da
265;11.0;-12.0;7.38;4.51;Pozitivno;Da
266;9.2;-17.0;7.14;3.74;Pozitivno;Ne
267;11.3;-25.1;7.21;4.65;Pozitivno;Da
269;13.3;-10.0;7.07;3.98;Pozitivno;Ne
270;8.5;-18.9;6.79;3.6;Pozitivno;Da
271;13.4;-15.5;6.72;3.79;Pozitivno;Da
272;9.2;-20.8;6.67;3.96;Pozitivno;Da
273;13.9;-17.1;6.83;3.48;Pozitivno;Da
274;9.8;-27.2;7.28;4.36;Pozitivno;Da
275;15.4;-16.5;7.27;4.02;Pozitivno;Da
276;10.8;-24.2;6.72;4.48;Pozitivno;Ne
277;13.4;-15.4;7.08;4.35;Pozitivno;Da
278;16.3;-22.0;7.1;4.28;Pozitivno;Da
279;15.5;-27.9;7.15;3.72;Pozitivno;Da
280;10.8;-23.8;6.98;4.54;Pozitivno;Da
281;11.7;-17.2;6.94;4.66;Pozitivno;Da
282;9.7;-20.2;7.09;3.63;Pozitivno;Da
283;11.1;-25.3;7.04;3.68;Pozitivno;Ne
284;9.2;-21.1;6.83;4.01;Pozitivno;Da
286;11.9;-18.7;7.31;3.87;Pozitivno;Da
287;10.8;-17.3;6.85;4.3;Pozitivno;Da
288;15.7;-21.5;6.98;3.89;Pozitivno;Da
289;9.3;-16.8;7.11;3.84;Pozitivno;Da
290;16.2;-26.9;7.02;4.38;Pozitivno;Da
293;15.8;-21.4;7.14;4.09;Pozitivno;Da
294;12.6;-19.6;7.14;4.31;Pozitivno;Da
295;9.1;-25.0;7.23;3.49;Pozitivno;Da
296;12.1;-25.8;6.95;4.27;Pozitivno;Da
297;17.0;-22.8;6.9;2.68;Pozitivno;Da
298;13.2;-18.2;7.05;3.89;Pozitivno;Da
299;13.7;-16.9;7.07;3.85;Pozitivno;Da
300;12.8;-21.6;7.0;4.98;Pozitivno;Ne
301;16.1;-16.3;6.95;4.09;Pozitivno;Da
302;11.9;-18.2;6.82;4.38;Pozitivno;Da
303;13.8;-17.6;7.08;4.25;Pozitivno;Da
305;12.6;-19.7;6.93;4.31;Pozitivno;Da
306;10.1;-22.9;7.24;3.81;Pozitivno;Da
307;11.8;-10.5;7.05;4.59;Pozitivno;Ne
308;7.3;-23.4;6.73;4.39;Pozitivno;Da
309;12.9;-14.9;6.97;4.1;Pozitivno;Da
310;12.2;-17.7;6.74;4.74;Pozitivno;Da
311;11.9;-15.3;6.89;3.7;Pozitivno;Ne
312;17.4;-25.6;6.97;3.87;Pozitivno;Da
313;9.8;-12.2;7.18;4.53;Pozitivno;Da
314;11.3;-19.3;7.12;3.65;Pozitivno;Da
316;14.0;-23.2;7.11;4.15;Pozitivno;Da
318;10.0;-20.1;7.17;3.47;Pozitivno;Da
320;10.6;-18.7;6.81;4.49;Pozitivno;Da
321;9.2;-22.4;7.15;3.91;Pozitivno;Ne
322;6.8;-21.4;6.92;4.18;Pozitivno;Da
323;15.7;-22.6;6.55;4.56;Pozitivno;Da
324;11.4;-15.2;6.91;4.21;Pozitivno;Da
325;8.6;-10.6;7.09;2.9;Pozitivno;Da
326;8.5;-29.9;6.98;3.4;Pozitivno;Da
327;8.3;-14.0;7.09;3.32;Pozitivno;Da
329;17.0;-19.4;6.93;4.11;Pozitivno;Da
330;13.2;-25.1;7.14;4.86;Pozitivno;Da
331;13.8;-19.3;7.12;4.03;Pozitivno;Da
332;10.4;-11.8;6.94;3.61;Pozitivno;Da
334;10.8;-22.1;7.38;4.62;Pozitivno;Da
335;12.3;-22.1;7.08;3.89;Pozitivno;Da
336;10.3;-12.4;7.04;3.8;Pozitivno;Ne
337;8.4;-17.3;7.1;3.79;Pozitivno;Da
338;15.1;-20.5;7.27;3.54;Pozitivno;Da
339;7.7;-22.0;6.7;4.17;Pozitivno;Da
340;13.8;-12.9;7.04;3.99;Pozitivno;Ne
341;9.7;-21.3;7.4;4.19;Pozitivno;Da
343;11.1;-22.9;7.36;4.06;Pozitivno;Da
344;13.2;-21.2;7.02;4.28;Pozitivno;Da
345;9.3;-17.3;6.9;4.2;Pozitivno;Da
346;12.1;-25.6;6.68;4.15;Pozitivno;Da
348;9.8;-22.7;6.79;3.45;Pozitivno;Da
349;12.9;-12.8;6.94;2.9;Pozitivno;Ne
350;15.4;-14.4;6.95;4.17;Pozitivno;Da
351;11.1;-14.3;6.84;4.24;Pozitivno;Da
352;14.2;-14.9;6.68;3.79;Pozitivno;Ne
353;11.7;-24.0;7.3;4.39;Pozitivno;Da
354;14.5;-22.7;7.16;4.26;Pozitivno;Da
355;13.8;-21.8;7.34;4.08;Pozitivno;Da
356;13.0;-16.3;7.3;3.57;Pozitivno;Da
357;11.1;-23.9;6.79;3.91;Pozitivno;Ne
358;12.6;-27.4;6.86;4.37;Pozitivno;Da
359;15.2;-26.9;7.18;4.18;Pozitivno;Ne
360;8.2;-14.8;7.08;4.14;Pozitivno;Da
361;11.3;-21.0;7.05;3.69;Pozitivno;Da
362;15.4;-27.9;6.93;3.9;Pozitivno;Da
363;12.2;-20.6;7.08;3.87;Pozitivno;Da
365;12.1;-25.6;7.01;4.45;Pozitivno;Da
366;8.7;-21.2;6.99;3.51;Pozitivno;Da
367;15.7;-15.0;7.17;3.53;Pozitivno;Da
368;13.5;-21.8;7.03;3.62;Pozitivno;Da
369;14.6;-25.7;6.85;4.04;Pozitivno;Da
370;8.8;-23.0;6.82;3.72;Pozitivno;Da
371;11.5;-24.0;6.92;3.3;Pozitivno;Da
372;12.6;-24.1;7.3;4.42;Pozitivno;Da
373;10.9;-23.1;6.62;5.1;Pozitivno;Da
374;14.0;-11.3;6.73;4.31;Pozitivno;Da
375;15.6;-19.3;7.26;4.53;Pozitivno;Da
377;13.7;-14.5;6.98;4.73;Pozitivno;Da
378;13.4;-25.6;7.73;4.32;Pozitivno;Da
379;12.9;-18.0;6.53;3.83;Pozitivno;Da
380;15.8;-22.5;7.27;4.73;Pozitivno;Da
381;14.4;-24.5;7.17;4.1;Pozitivno;Da
382;16.7;-10.2;7.16;3.59;Pozitivno;Da
383;11.1;-23.3;6.61;4.75;Pozitivno;Da
384;11.3;-21.0;7.01;4.32;Pozitivno;Da
386;7.9;-24.7;7.1;3.3;Pozitivno;Da
387;15.2;-14.1;7.2;3.2;Pozitivno;Da
388;12.2;-23.7;6.66;4.53;Pozitivno;Da
390;16.4;-15.1;7.12;2.97;Pozitivno;Ne
391;14.5;-17.9;6.69;4.7;Pozitivno;Da
392;8.8;-17.9;6.94;4.29;Pozitivno;Da
393;13.9;-20.6;6.74;4.16;Pozitivno;Da
394;13.2;-20.5;6.99;3.57;Pozitivno;Da
395;11.8;-11.8;7.36;3.66;Pozitivno;Da
396;12.2;-4.7;7.05;4.01;Pozitivno;Ne
397;9.4;-26.7;7.18;4.08;Pozitivno;Da
398;9.9;-28.2;7.23;4.89;Pozitivno;Da
399;7.6;-24.2;6.99;3.48;Pozitivno;Da
400;14.5;-22.7;6.96;4.01;Pozitivno;Ne
401;13.6;-20.6;7.21;4.5;Pozitivno;Ne
402;16.4;-19.5;7.1;4.36;Pozitivno;Ne
403;12.0;-26.7;7.1;3.54;Pozitivno;Da
404;12.1;-14.5;7.04;3.81;Pozitivno;Ne
405;12.5;-20.9;7.24;3.59;Pozitivno;Da
406;13.4;-15.3;6.89;3.56;Pozitivno;Da
407;15.7;-19.4;7.19;4.85;Pozitivno;Ne
408;9.8;-14.6;7.02;3.83;Pozitivno;Da
409;6.5;-24.7;6.98;3.76;Pozitivno;Da
411;5.3;-25.5;7.18;3.05;Pozitivno;Da
412;10.5;-13.1;7.28;2.76;Pozitivno;Da
413;14.0;-13.1;7.12;4.5;Pozitivno;Da
415;10.1;-14.7;6.95;3.62;Pozitivno;Ne
416;9.3;-24.3;6.96;3.93;Pozitivno;Ne
417;5.8;-25.0;6.88;2.89;Pozitivno;Da
418;14.1;-23.7;7.2;5.01;Pozitivno;Da
419;7.8;-19.1;7.04;3.6;Pozitivno;Da
420;12.4;-23.6;6.91;4.68;Pozitivno;Da
421;10.3;-22.8;7.02;3.61;Pozitivno;Da
422;11.0;-15.5;6.96;3.97;Pozitivno;Ne
423;12.3;-16.8;6.87;3.65;Pozitivno;Da
424;10.9;-20.6;7.44;4.47;Pozitivno;Da
425;13.4;-23.6;6.83;3.45;Pozitivno;Da
426;10.8;-23.7;6.85;3.32;Pozitivno;Da
427;9.8;-27.2;6.93;3.55;Pozitivno;Da
428;16.4;-26.4;6.94;4.56;Pozitivno;Da
429;13.3;-17.7;7.18;4.17;Pozitivno;Da
430;9.6;-16.7;6.86;3.8;Pozitivno;Ne
431;13.0;-22.1;6.85;4.33;Pozitivno;Da
432;9.9;-18.7;7.07;4.53;Pozitivno;Ne
433;14.2;-14.2;6.8;3.72;Pozitivno;Ne
434;11.6;-20.5;6.87;4.96;Pozitivno;Da
435;7.8;-16.8;7.12;2.64;Pozitivno;Da
436;8.9;-23.0;7.06;4.0;Pozitivno;Da
437;13.2;-17.5;7.06;3.36;Pozitivno;Da
438;14.9;-23.1;6.44;4.54;Pozitivno;Da
439;6.6;-24.7;7.06;3.47;Pozitivno;Da
440;10.0;-17.8;7.09;4.47;Pozitivno;Da
441;9.7;-23.0;6.9;4.12;Pozitivno;Da
442;11.4;-19.4;7.11;4.3;Pozitivno;Ne
443;12.1;-11.1;6.75;3.94;Pozitivno;Ne
444;14.5;-27.6;7.17;5.24;Pozitivno;Da
445;7.3;-20.3;7.0;4.2;Pozitivno;Ne
446;11.9;-24.4;6.91;4.1;Pozitivno;Da
448;10.1;-27.3;7.01;3.25;Pozitivno;Da
449;9.6;-13.1;7.07;4.28;Pozitivno;Ne
450;11.6;-18.7;7.11;3.8;Pozitivno;Da
451;20.2;-13.0;6.66;3.65;Pozitivno;Ne
452;29.3;-20.1;7.34;3.4;Pozitivno;Da
454;23.5;-18.8;7.19;3.28;Pozitivno;Da
455;17.7;-23.9;6.94;3.83;Pozitivno;Da
456;18.0;-17.6;6.8;3.22;Pozitivno;Da
457;18.4;-18.5;6.99;3.08;Pozitivno;Da
458;22.2;-13.9;6.92;4.19;Pozitivno;Da
459;28.1;-20.6;7.39;2.96;Pozitivno;Da
461;18.5;-14.7;7.04;3.62;Pozitivno;Da
462;12.8;-16.5;7.11;3.62;Pozitivno;Da
463;20.3;-22.2;7.04;3.22;Pozitivno;Da
464;21.7;-17.4;7.18;3.51;Pozitivno;Da
465;16.2;-16.9;7.23;3.47;Pozitivno;Da
466;18.1;-20.8;6.83;3.76;Pozitivno;Da
467;24.8;-22.3;7.0;3.64;Pozitivno;Da
468;16.4;-20.1;7.39;2.85;Pozitivno;Da
469;18.2;-29.8;6.93;3.48;Pozitivno;Da
470;18.2;-24.4;7.41;3.68;Pozitivno;Da
472;15.2;-10.7;6.91;3.7;Pozitivno;Da
473;19.6;-19.8;7.14;3.34;Pozitivno;Da
474;20.2;-33.8;7.01;3.53;Pozitivno;Ne
475;18.2;-19.4;6.79;3.49;Pozitivno;Da
476;20.8;-13.9;6.83;3.38;Pozitivno;Da
477;21.4;-27.4;6.98;3.96;Pozitivno;Da
478;26.3;-20.1;7.29;3.41;Pozitivno;Ne
479;29.7;-25.1;7.17;3.56;Pozitivno;Da
480;13.3;-22.3;7.35;3.4;Pozitivno;Da
481;17.4;-17.6;7.13;3.62;Pozitivno;Da
482;15.7;-20.6;7.12;3.31;Pozitivno;Da
483;15.7;-22.2;6.52;3.38;Pozitivno;Ne
484;29.8;-19.1;6.98;3.29;Pozitivno;Ne
485;21.8;-25.5;7.21;4.06;Pozitivno;Da
486;25.3;-22.1;7.14;3.18;Pozitivno;Da
487;24.0;-31.8;7.06;3.08;Pozitivno;Da
488;18.2;-27.1;7.15;3.57;Pozitivno;Ne
490;20.8;-24.7;7.09;2.81;Pozitivno;Da
491;16.2;-19.2;7.25;2.8;Pozitivno;Da
492;16.7;-20.5;6.83;3.59;Pozitivno;Da
494;16.8;-21.4;6.85;3.31;Pozitivno;Da
495;17.7;-17.8;7.0;2.89;Pozitivno;Da
496;23.7;-16.2;7.07;3.15;Pozitivno;Da
497;23.5;-23.2;7.11;3.44;Pozitivno;Ne
498;18.7;-24.3;7.24;4.09;Pozitivno;Da
499;26.8;-22.5;6.92;3.61;Pozitivno;Da
500;11.7;-8.4;7.01;3.27;Pozitivno;Da
501;12.3;-20.7;7.01;2.77;Pozitivno;Da
502;22.6;-23.9;6.98;3.58;Pozitivno;Da
503;21.7;-14.5;7.33;3.46;Pozitivno;Da
504;28.3;-20.0;6.95;3.7;Pozitivno;Da
505;18.1;-18.1;7.01;2.81;Pozitivno;Da
506;22.0;-19.7;6.97;4.13;Pozitivno;Da
507;21.4;-19.9;6.87;3.7;Pozitivno;Da
508;21.8;-24.2;6.88;2.58;Pozitivno;Da
509;17.0;-17.1;6.92;3.26;Pozitivno;Da
510;20.1;-28.5;7.31;2.55;Pozitivno;Da
511;21.3;-9.7;7.19;3.55;Pozitivno;Da
512;16.2;-24.3;7.12;2.33;Pozitivno;Da
513;21.2;-18.5;6.86;3.74;Pozitivno;Da
514;20.2;-21.9;6.95;2.02;Pozitivno;Da
515;13.7;-24.7;6.67;3.64;Pozitivno;Da
517;21.0;-17.2;7.12;3.67;Pozitivno;Ne
518;15.1;-25.4;7.15;3.4;Pozitivno;Da
519;20.4;-21.9;6.72;4.29;Pozitivno;Ne
520;23.6;-23.7;6.66;3.31;Pozitivno;Da
521;23.0;-27.2;7.16;4.51;Pozitivno;Da
522;22.2;-16.2;6.89;3.14;Pozitivno;Da
523;21.5;-30.5;7.15;3.27;Pozitivno;Ne
524;19.3;-25.5;7.07;3.63;Pozitivno;Da
525;22.5;-11.8;7.53;3.08;Pozitivno;Ne
526;26.0;-20.4;6.88;2.98;Pozitivno;Da
527;26.4;-9.1;7.42;2.84;Pozitivno;Da
528;16.7;-17.5;6.99;3.83;Pozitivno;Ne
529;19.8;-28.4;6.81;3.01;Pozitivno;Da
531;12.9;-24.9;6.79;3.66;Pozitivno;Da
532;25.0;-26.6;6.98;3.76;Pozitivno;Da
533;22.0;-16.6;7.43;3.33;Pozitivno;Da
534;16.0;-16.1;7.33;2.33;Pozitivno;Da
535;22.2;-22.2;6.94;3.41;Pozitivno;Da
536;27.1;-26.2;6.92;2.93;Pozitivno;Da
537;25.7;-29.2;7.07;2.89;Pozitivno;Da
538;22.8;-22.2;6.63;2.44;Pozitivno;Ne
539;17.1;-5.2;7.09;4.1;Pozitivno;Da
540;8.9;-18.6;6.84;3.04;Pozitivno;Da
541;20.3;-23.6;7.17;2.95;Pozitivno;Da
542;18.1;-22.6;7.36;3.0;Pozitivno;Da
543;21.8;-12.6;6.91;3.09;Pozitivno;Da
544;28.3;-18.4;6.8;3.29;Pozitivno;Da
545;18.3;-21.5;7.36;3.47;Pozitivno;Da
546;17.8;-26.9;7.06;2.78;Pozitivno;Da
547;24.1;-22.9;6.87;2.94;Pozitivno;Ne
548;20.1;-20.0;6.69;4.25;Pozitivno;Da
549;15.0;-23.8;7.4;2.58;Pozitivno;Da
550;25.8;-12.3;7.02;3.69;Pozitivno;Da
551;21.1;-21.1;6.98;3.47;Pozitivno;Da
552;16.7;-20.8;6.73;4.06;Pozitivno;Ne
553;29.0;-19.6;6.97;3.35;Pozitivno;Da
554;15.0;-22.7;6.66;3.44;Pozitivno;Da
555;10.0;-22.2;7.33;3.04;Pozitivno;Da
556;20.3;-22.2;7.03;3.88;Pozitivno;Da
557;19.8;-23.4;7.06;3.94;Pozitivno;Ne
558;22.3;-26.1;7.0;3.93;Pozitivno;Da
560;12.9;-23.3;6.75;3.25;Pozitivno;Ne
561;12.8;-20.9;7.0;3.27;Pozitivno;Ne
562;25.7;-32.4;6.73;4.63;Pozitivno;Da
563;29.9;-15.6;7.17;3.76;Pozitivno;Da
564;16.1;-18.8;7.09;4.33;Pozitivno;Da
565;13.6;-19.1;7.32;3.34;Pozitivno;Da
566;13.2;-15.0;6.84;3.59;Pozitivno;Da
567;20.9;-17.9;7.26;3.52;Pozitivno;Da
569;14.8;-22.4;7.07;2.85;Pozitivno;Da
570;15.1;-12.0;6.74;2.36;Pozitivno;Da
571;20.7;-18.7;6.78;3.63;Pozitivno;Ne
572;23.6;-11.6;6.69;2.96;Pozitivno;Da
573;22.8;-27.4;6.74;3.62;Pozitivno;Ne
575;23.8;-21.3;6.83;3.57;Pozitivno;Da
576;24.6;-34.1;6.93;3.66;Pozitivno;Da
577;18.4;-15.3;6.72;3.44;Pozitivno;Da
578;20.1;-22.2;6.88;3.21;Pozitivno;Da
579;22.5;-19.5;6.93;3.96;Pozitivno;Da
581;21.8;-22.4;7.14;3.67;Pozitivno;Da
582;18.9;-27.9;6.5;3.62;Pozitivno;Da
584;6.9;-23.5;6.94;3.57;Pozitivno;Da
585;16.8;-19.1;7.13;3.27;Pozitivno;Da
586;19.6;-18.5;7.18;3.26;Pozitivno;Da
587;13.6;-18.6;6.91;3.36;Pozitivno;Da
588;13.3;-29.9;7.16;3.04;Pozitivno;Da
589;28.5;-22.1;7.12;3.7;Pozitivno;Da
590;6.9;-18.3;7.0;3.78;Pozitivno;Ne
591;25.8;-15.9;7.25;3.95;Pozitivno;Da
592;20.1;-16.7;6.97;3.06;Pozitivno;Da
593;17.8;-32.6;6.92;3.85;Pozitivno;Da
594;19.5;-9.9;7.53;4.66;Pozitivno;Da
595;17.0;-20.4;6.96;3.98;Pozitivno;Ne
596;13.2;-18.5;7.14;3.86;Pozitivno;Da
597;9.2;-25.7;6.76;3.57;Pozitivno;Da
598;19.2;-26.1;6.9;3.35;Pozitivno;Da
599;21.8;-19.4;7.06;3.52;Pozitivno;Da
600;17.0;-20.5;7.19;3.5;Pozitivno;Da
601;16.5;-13.3;6.95;2.89;Pozitivno;Ne
602;14.1;-27.2;7.22;3.88;Pozitivno;Da
603;15.2;-23.4;7.23;3.78;Pozitivno;Ne
604;15.2;-16.8;6.87;3.28;Pozitivno;Da
605;14.5;-15.0;7.37;3.31;Pozitivno;Da
606;27.9;-20.6;6.77;3.63;Pozitivno;Da
607;10.7;-23.5;6.84;3.18;Pozitivno;Da
608;22.0;-20.8;7.0;3.11;Pozitivno;Da
609;15.1;-23.6;6.75;3.72;Pozitivno;Da
610;23.6;-13.0;6.84;3.12;Pozitivno;Da
611;29.6;-15.0;6.73;4.05;Pozitivno;Da
613;17.2;-17.6;6.68;2.94;Pozitivno;Da
614;16.7;-31.1;6.96;3.14;Pozitivno;Da
615;11.0;-23.4;7.21;3.85;Pozitivno;Ne
616;21.1;-17.6;6.83;3.47;Pozitivno;Ne
618;18.9;-11.9;7.01;2.86;Pozitivno;Da
620;16.9;-14.8;7.14;3.36;Pozitivno;Ne
621;9.9;-25.8;6.97;3.67;Pozitivno;Da
622;15.7;-26.5;7.01;3.57;Pozitivno;Ne
623;21.7;-15.9;7.11;3.55;Pozitivno;Da
624;22.6;-14.8;7.41;2.93;Pozitivno;Da
626;22.0;-19.9;7.13;2.97;Pozitivno;Da
627;22.1;-23.6;6.64;3.81;Pozitivno;Da
628;18.7;-15.8;6.62;3.79;Pozitivno;Da
629;19.2;-20.8;6.7;3.89;Pozitivno;Ne
630;19.1;-24.3;6.76;3.52;Pozitivno;Da
632;24.7;-17.6;6.52;4.27;Pozitivno;Da
633;18.7;-16.1;6.77;3.56;Pozitivno;Ne
634;27.3;-24.6;6.97;3.55;Pozitivno;Da
635;26.7;-22.8;6.86;4.47;Pozitivno;Da
636;15.8;-19.2;7.02;4.14;Pozitivno;Da
637;10.0;-20.0;6.91;3.58;Pozitivno;Da
638;17.7;-16.2;7.13;3.25;Pozitivno;Da
639;21.7;-21.2;7.28;3.57;Pozitivno;Da
640;18.6;-24.3;6.9;3.53;Pozitivno;Da
641;28.9;-22.3;6.93;3.49;Pozitivno;Da
644;27.2;-24.7;7.43;3.43;Pozitivno;Da
645;20.0;-19.8;7.23;4.03;Pozitivno;Da
646;8.4;-12.2;6.95;4.27;Pozitivno;Da
647;26.4;-19.5;7.25;3.8;Pozitivno;Da
648;24.0;-15.3;7.16;2.78;Pozitivno;Da
649;16.8;-21.3;7.2;3.89;Pozitivno;Ne
650;26.8;-16.8;6.94;3.36;Pozitivno;Da
651;19.5;-16.5;7.07;2.38;Pozitivno;Da
652;27.7;-13.0;7.26;3.51;Pozitivno;Da
653;18.4;-17.4;6.96;2.86;Pozitivno;Da
654;22.9;-12.2;7.44;3.28;Pozitivno;Da
655;21.7;-18.9;6.84;4.39;Pozitivno;Da
656;14.9;-17.5;6.66;3.29;Pozitivno;Da
657;16.6;-12.8;6.91;4.01;Pozitivno;Da
658;13.6;-20.8;7.26;3.15;Pozitivno;Da
659;19.6;-18.8;6.77;3.01;Pozitivno;Da
660;22.4;-22.4;6.81;3.41;Pozitivno;Ne
661;24.8;-19.1;7.02;2.57;Pozitivno;Da
662;18.2;-13.5;7.01;3.58;Pozitivno;Da
663;16.2;-20.8;7.12;3.53;Pozitivno;Da
664;27.5;-17.9;7.1;3.37;Pozitivno;Da
665;22.0;-20.2;7.01;2.96;Pozitivno;Da
666;25.8;-19.7;6.86;3.43;Pozitivno;Da
667;17.9;-6.2;7.24;2.7;Pozitivno;Da
668;18.9;-29.5;7.31;3.62;Pozitivno;Da
669;22.8;-17.0;6.98;4.4;Pozitivno;Ne
671;18.8;-19.3;7.23;4.15;Pozitivno;Da
672;12.6;-11.1;6.87;3.43;Pozitivno;Ne
673;14.9;-14.3;6.99;3.16;Pozitivno;Da
674;21.2;-12.8;6.95;3.83;Pozitivno;Ne
675;25.9;-15.3;6.88;2.52;Pozitivno;Da
676;30.4;-16.8;6.62;4.12;Pozitivno;Da
677;22.2;-21.4;6.95;3.16;Pozitivno;Da
678;16.8;-29.8;6.95;3.5;Pozitivno;Da
679;20.3;-21.8;6.99;3.36;Pozitivno;Ne
680;19.5;-16.5;6.86;3.66;Pozitivno;Da
683;21.2;-22.4;6.91;3.73;Pozitivno;Da
684;23.8;-11.2;7.64;3.95;Pozitivno;Da
685;11.8;-16.2;7.06;3.03;Pozitivno;Da
686;31.6;-20.9;7.33;3.61;Pozitivno;Da
687;16.4;-18.9;7.06;2.83;Pozitivno;Da
688;15.4;-23.8;6.82;2.61;Pozitivno;Da
689;19.4;-19.1;7.13;3.66;Pozitivno;Da
690;27.2;-25.8;6.72;4.09;Pozitivno;Da
691;10.5;-19.2;7.13;3.98;Pozitivno;Da
692;19.3;-19.8;6.82;4.1;Pozitivno;Da
693;18.8;-20.7;7.11;3.65;Pozitivno;Ne
695;17.1;-10.3;6.84;3.63;Pozitivno;Da
696;23.9;-16.8;7.24;4.47;Pozitivno;Da
697;20.6;-17.6;7.31;3.44;Pozitivno;Da
698;19.6;-19.3;7.15;2.85;Pozitivno;Ne
699;24.1;-19.4;7.3;4.11;Pozitivno;Da
700;23.2;-21.9;7.14;3.33;Pozitivno;Da
702;15.2;-25.2;7.14;2.86;Pozitivno;Da
703;13.0;-19.3;6.99;3.51;Pozitivno;Da
704;20.9;-25.5;7.1;4.17;Pozitivno;Da
706;16.6;-22.3;6.49;4.4;Pozitivno;Ne
707;25.6;-20.3;6.95;3.68;Pozitivno;Da
708;18.8;-12.1;6.79;3.52;Pozitivno;Da
709;22.2;-17.3;6.79;4.48;Pozitivno;Da
710;21.0;-17.3;7.22;4.21;Pozitivno;Da
711;15.8;-25.5;6.74;2.49;Pozitivno;Da
712;22.5;-18.5;7.03;4.26;Pozitivno;Da
713;30.6;-28.9;7.12;3.35;Pozitivno;Da
716;20.9;-15.9;7.08;3.57;Pozitivno;Da
717;16.4;-23.0;6.88;3.65;Pozitivno;Da
718;32.1;-7.7;7.19;4.09;Pozitivno;Da
719;22.6;-25.5;6.79;3.44;Pozitivno;Da
720;21.9;-23.8;6.98;2.93;Pozitivno;Da
721;18.3;-23.8;7.0;3.18;Pozitivno;Da
722;12.6;-34.9;7.21;3.32;Pozitivno;Da
723;28.5;-24.3;7.19;3.08;Pozitivno;Da
724;23.9;-19.3;6.92;4.13;Pozitivno;Da
725;22.7;-13.8;6.9;3.59;Pozitivno;Da
726;26.6;-18.2;7.13;3.15;Pozitivno;Da
727;21.6;-14.6;7.32;3.4;Pozitivno;Da
728;14.1;-18.6;7.23;3.66;Pozitivno;Da
729;16.1;-13.7;7.16;2.82;Pozitivno;Da
730;16.8;-16.3;6.98;3.55;Pozitivno;Da
731;21.8;-22.7;7.01;3.6;Pozitivno;Da
733;21.8;-17.3;7.08;3.54;Pozitivno;Da
734;26.5;-20.1;7.08;3.14;Pozitivno;Da
735;24.4;-16.3;7.05;2.8;Pozitivno;Da
736;19.2;-15.8;6.64;3.26;Pozitivno;Da
737;14.5;-17.9;7.01;4.7;Pozitivno;Ne
738;20.9;-20.9;6.83;3.77;Pozitivno;Da
739;23.9;-21.5;6.95;2.58;Pozitivno;Da
740;16.7;-24.7;7.18;3.35;Pozitivno;Ne
741;22.7;-18.7;7.04;2.81;Pozitivno;Da
742;14.7;-21.5;7.02;3.33;Pozitivno;Da
743;18.7;-21.9;6.77;4.04;Pozitivno;Da
744;9.0;-23.9;6.81;3.26;Pozitivno;Ne
745;23.8;-18.0;7.13;3.87;Pozitivno;Da
746;13.1;-20.1;6.81;3.97;Pozitivno;Da
747;15.7;-32.8;7.25;3.31;Pozitivno;Da
748;25.7;-12.7;7.28;3.37;Pozitivno;Da
749;18.9;-19.8;6.67;3.38;Pozitivno;Da
750;23.9;-16.4;7.16;2.93;Pozitivno;Da
914;3.4;-51.1;7.07;1.34;Pozitivno;Ne
1029;6.2;-59.9;6.21;1.08;Pozitivno;Ne
2834;2.8;-53.1;5.31;1.19;Pozitivno;Ne
4173;1.6;-55.9;8.6;1.22;Pozitivno;Ne
9531;0.9;-48.0;4.93;1.51;Pozitivno;Ne
11894;3.0;-55.0;5.94;1.05;Pozitivno;Ne
17455;0.6;-51.9;6.43;1.94;Pozitivno;Ne
18799;1.7;-55.3;2.07;1.11;Pozitivno;Ne
